target_threshold_bps,model_name,alpha,n_splits,cv_test_frac,cv_min_train_frac,cv_auc_mean,cv_auc_std,cv_auprc_mean,cv_auprc_std,cv_lift_at_best_threshold_mean,cv_lift_at_best_threshold_std,cv_best_threshold_youdenJ_mean,cv_best_threshold_youdenJ_std,cv_tpr_at_best_threshold_mean,cv_tpr_at_best_threshold_std,cv_fpr_at_best_threshold_mean,cv_fpr_at_best_threshold_std,fold_1_auc,fold_2_auc,fold_3_auc,fold_4_auc,fold_5_auc,fold_1_auprc,fold_2_auprc,fold_3_auprc,fold_4_auprc,fold_5_auprc,source_file
10,catboost,0.1,5,0.3,0.68,0.8848913898360605,0.0161500768595017,0.5890730420353789,0.1142670978807168,4.472756298224506,0.6633278401691775,0.6214644557638218,0.0830048624979131,0.7660298694938299,0.055351911447683,0.119179040354818,0.0337767438313813,0.885108564071345,0.8966574201341306,0.8545998410466994,0.8877027464827882,0.9003883774453394,0.4847684341944082,0.6898534069338207,0.4215946712808564,0.6464784104916371,0.7026702872761716,/Users/johnnyjheng/Documents/Codex/Stablecoin Depag/onchain-insights/8. Early-Warning Model/Robustness Check/threshold_10/lightning_logs/cv_model_comparison_threshold_10_20260720_124420/alpha_0.1_experiment_summary/artifacts/comparison/model_comparison_summary.csv
10,lightgbm,0.1,5,0.3,0.68,0.8496116254814818,0.0459045469374648,0.5808337086473074,0.1875993425557197,4.979165033938893,1.8488627328894784,0.2034783091063859,0.051967605752816,0.729307327268334,0.1010881095917659,0.1381204244888462,0.1386408505085609,0.86139161582595,0.8734779257804703,0.8853005650823171,0.8687605714442727,0.7591274492743992,0.6926893707667242,0.6884861690922084,0.6745569334943465,0.6410426690037919,0.2073934008794662,/Users/johnnyjheng/Documents/Codex/Stablecoin Depag/onchain-insights/8. Early-Warning Model/Robustness Check/threshold_10/lightning_logs/cv_model_comparison_threshold_10_20260720_124420/alpha_0.1_experiment_summary/artifacts/comparison/model_comparison_summary.csv
10,random_forest,0.1,5,0.3,0.68,0.9252738338343562,0.0031805032161498,0.7616014427049127,0.0228956797385978,5.8583083676566625,0.5783742553049194,0.4019821690208059,0.0094916076412297,0.7936840467526571,0.0147595963030736,0.0723835439233978,0.0078537345181617,0.9255566116690288,0.928945604619198,0.9270580638405556,0.9194577622543554,0.9253511267886436,0.7805796118176892,0.7909331809448032,0.7640392830525125,0.7289156276443266,0.7435395100652319,/Users/johnnyjheng/Documents/Codex/Stablecoin Depag/onchain-insights/8. Early-Warning Model/Robustness Check/threshold_10/lightning_logs/cv_model_comparison_threshold_10_20260720_124420/alpha_0.1_experiment_summary/artifacts/comparison/model_comparison_summary.csv
10,xgboost,0.1,5,0.3,0.68,0.84558519379948,0.0259499215561896,0.6150552684544193,0.0554136648145656,5.534986846421463,2.215197864503926,0.5433672070503235,0.0441934352344204,0.6974237896528565,0.1221779482690792,0.1226929658789734,0.1396092371605402,0.8615183413062577,0.8427452597567945,0.8710583022901158,0.8555637986462161,0.7970402669980168,0.6766900570144363,0.6104817598198963,0.6676048161092438,0.5974310688637006,0.5230686404648199,/Users/johnnyjheng/Documents/Codex/Stablecoin Depag/onchain-insights/8. Early-Warning Model/Robustness Check/threshold_10/lightning_logs/cv_model_comparison_threshold_10_20260720_124420/alpha_0.1_experiment_summary/artifacts/comparison/model_comparison_summary.csv
10,catboost,0.3,5,0.3,0.68,0.9041166689982983,0.0079015177293027,0.6923777280525156,0.0562770387112999,5.014616201538567,0.3735351967969419,0.6204712830750986,0.0414272529168178,0.7868252833485508,0.0157732429268981,0.0959977699891514,0.0144621655713241,0.9097605551544276,0.9110836172340092,0.9009416600599536,0.8899865298952616,0.9088109826478395,0.7511086472252152,0.7483177112564735,0.6416903105175255,0.6122156348948016,0.7085563363685623,/Users/johnnyjheng/Documents/Codex/Stablecoin Depag/onchain-insights/8. Early-Warning Model/Robustness Check/threshold_10/lightning_logs/cv_model_comparison_threshold_10_20260720_124420/alpha_0.3_experiment_summary/artifacts/comparison/model_comparison_summary.csv
10,lightgbm,0.3,5,0.3,0.68,0.8654452085774335,0.0282443534583971,0.5937578426592802,0.1549040458145339,4.037063453544198,1.047998872981179,0.2361470060417558,0.0542182633683825,0.7576621117510753,0.0889149435492982,0.1564775490788799,0.0961974731465884,0.8440663509391844,0.8904772897024371,0.8921768248597785,0.8796539648520579,0.8208516125337092,0.6290020038029853,0.7057919818637699,0.6953717457773068,0.6494276314335409,0.2891958504187985,/Users/johnnyjheng/Documents/Codex/Stablecoin Depag/onchain-insights/8. Early-Warning Model/Robustness Check/threshold_10/lightning_logs/cv_model_comparison_threshold_10_20260720_124420/alpha_0.3_experiment_summary/artifacts/comparison/model_comparison_summary.csv
10,random_forest,0.3,5,0.3,0.68,0.9247358631334884,0.0035217448804684,0.7553424803293798,0.0248219946568773,5.228677265771539,0.6166744655361005,0.4058754012032992,0.0161394806910063,0.8089569086263164,0.0199290058721381,0.093567277178511,0.0220410627646749,0.9279615887136132,0.9272578815371808,0.9253262650817876,0.9180445088555717,0.9250890714792882,0.7748757988406552,0.7897850618595846,0.754808540832972,0.7221211741278559,0.7351218259858314,/Users/johnnyjheng/Documents/Codex/Stablecoin Depag/onchain-insights/8. Early-Warning Model/Robustness Check/threshold_10/lightning_logs/cv_model_comparison_threshold_10_20260720_124420/alpha_0.3_experiment_summary/artifacts/comparison/model_comparison_summary.csv
10,xgboost,0.3,5,0.3,0.68,0.8361914606373956,0.0302619618214464,0.5552671813525963,0.1055545612140094,3.942690496574174,1.3147026768390926,0.5089353621006012,0.0193713327200044,0.7080266261210184,0.0858112138185062,0.1616121677205202,0.1051833242045668,0.8667485846208074,0.8192340852154183,0.8734769671647503,0.8290897391413256,0.7924079270446762,0.6634688131936993,0.4765088369341104,0.6499178265440532,0.5960306238712707,0.3904098062198483,/Users/johnnyjheng/Documents/Codex/Stablecoin Depag/onchain-insights/8. Early-Warning Model/Robustness Check/threshold_10/lightning_logs/cv_model_comparison_threshold_10_20260720_124420/alpha_0.3_experiment_summary/artifacts/comparison/model_comparison_summary.csv
10,catboost,0.5,5,0.3,0.68,0.9041923243092086,0.0061589009299561,0.7058061619096897,0.0336162985991224,5.25563260977115,0.2718463141337081,0.6992989877038024,0.0237377133264989,0.7824708432518992,0.0120741892336683,0.0871283892990426,0.0081264721098396,0.9090772546191946,0.9104122676368868,0.9038963462115052,0.8929309853091937,0.9046447677692628,0.751244749771277,0.7308727843543913,0.7100471074367946,0.6598950132218074,0.6769711547641782,/Users/johnnyjheng/Documents/Codex/Stablecoin Depag/onchain-insights/8. Early-Warning Model/Robustness Check/threshold_10/lightning_logs/cv_model_comparison_threshold_10_20260720_124420/alpha_0.5_experiment_summary/artifacts/comparison/model_comparison_summary.csv
10,lightgbm,0.5,5,0.3,0.68,0.8692924689875794,0.030034773584798,0.5969156964832372,0.1652827832248439,4.263817930888189,1.1085959043723974,0.2565228824399513,0.0824849317672163,0.7453118704877981,0.0692008702007224,0.1450500200990035,0.1020841506204983,0.8953111653650759,0.8659827609594274,0.8842013635942036,0.8885143288132655,0.8124527262059245,0.7126071275616934,0.6599457773075375,0.679495682155836,0.6640982152313898,0.2684316801597297,/Users/johnnyjheng/Documents/Codex/Stablecoin Depag/onchain-insights/8. Early-Warning Model/Robustness Check/threshold_10/lightning_logs/cv_model_comparison_threshold_10_20260720_124420/alpha_0.5_experiment_summary/artifacts/comparison/model_comparison_summary.csv
10,random_forest,0.5,5,0.3,0.68,0.9222856537807428,0.0058041526073235,0.7595574311528448,0.0231259922930021,5.514005509205765,0.5518953440466726,0.4240865662159824,0.0234463863155151,0.7968915708012135,0.0119047168704914,0.0821225684424772,0.0184570305074535,0.9245084719339878,0.9297241712712347,0.9244864461230472,0.9122944206204214,0.920414758955023,0.7778115902772113,0.7912355127313644,0.7594443734812917,0.7277068692851628,0.7415888099891935,/Users/johnnyjheng/Documents/Codex/Stablecoin Depag/onchain-insights/8. Early-Warning Model/Robustness Check/threshold_10/lightning_logs/cv_model_comparison_threshold_10_20260720_124420/alpha_0.5_experiment_summary/artifacts/comparison/model_comparison_summary.csv
10,xgboost,0.5,5,0.3,0.68,0.8616150116442896,0.0101953716989269,0.5813761898610427,0.0627917163396944,4.830757724716905,1.0022633457698222,0.5719918251037598,0.0329058214748519,0.6741638674383719,0.0379264149239391,0.0960372790460006,0.0365864768727969,0.8718401825302559,0.8509889891526767,0.8702300038179382,0.8476512836110957,0.8673645991094818,0.6797652686186437,0.5034740724224269,0.5914330454400734,0.6073186282147364,0.5248899346093332,/Users/johnnyjheng/Documents/Codex/Stablecoin Depag/onchain-insights/8. Early-Warning Model/Robustness Check/threshold_10/lightning_logs/cv_model_comparison_threshold_10_20260720_124420/alpha_0.5_experiment_summary/artifacts/comparison/model_comparison_summary.csv
10,catboost,1.0,5,0.3,0.68,0.9038696530544852,0.011753809775243,0.7156661021063156,0.044128693928076,4.807819939990962,0.8249192370138415,0.6031894189646215,0.0370082985241861,0.7984554114783027,0.0311658846086517,0.1102034206521201,0.0370885148421378,0.9170439546616508,0.9140666566263114,0.9080781847870358,0.8873244056614483,0.8928350635359794,0.7648257104091287,0.7581259933373692,0.7251419828703553,0.6525234047698549,0.6777134191448699,/Users/johnnyjheng/Documents/Codex/Stablecoin Depag/onchain-insights/8. Early-Warning Model/Robustness Check/threshold_10/lightning_logs/cv_model_comparison_threshold_10_20260720_124420/alpha_1.0_experiment_summary/artifacts/comparison/model_comparison_summary.csv
10,lightgbm,1.0,5,0.3,0.68,0.8829618480597106,0.0149770217197712,0.6210368678635353,0.1335234355965868,4.737967764670259,0.7051766872072748,0.3454586195479482,0.0596168482740957,0.7237205378519568,0.0337243306221596,0.0996562220032086,0.0211184712391824,0.891550286704703,0.8859595123243094,0.8941085408279181,0.8897085652101956,0.8534823352314262,0.722202847210229,0.6841627151311218,0.6895164533495561,0.6515225213822808,0.357779802244489,/Users/johnnyjheng/Documents/Codex/Stablecoin Depag/onchain-insights/8. Early-Warning Model/Robustness Check/threshold_10/lightning_logs/cv_model_comparison_threshold_10_20260720_124420/alpha_1.0_experiment_summary/artifacts/comparison/model_comparison_summary.csv
10,random_forest,1.0,5,0.3,0.68,0.9218721806298716,0.0060840626031675,0.7582433159380944,0.0244630571726984,5.850458482065881,0.5375634903896944,0.4124945579666078,0.0186851196884743,0.7927698227163553,0.0142285870194852,0.0723911409107301,0.0126942998950612,0.925580532883289,0.92959294405539,0.9222324016478904,0.9113898638952842,0.9205651606675038,0.7817108968419653,0.7886613827439003,0.7571042174543546,0.724001657866193,0.7397384247840588,/Users/johnnyjheng/Documents/Codex/Stablecoin Depag/onchain-insights/8. Early-Warning Model/Robustness Check/threshold_10/lightning_logs/cv_model_comparison_threshold_10_20260720_124420/alpha_1.0_experiment_summary/artifacts/comparison/model_comparison_summary.csv
10,xgboost,1.0,5,0.3,0.68,0.8384756814940169,0.0221516873678935,0.6021561830119839,0.0528480449431467,3.9869472044499887,1.4954189814116678,0.4996481418609619,0.0061429583291939,0.7643085097073745,0.0997675032048563,0.1914314169554843,0.141635865456466,0.8441035345953645,0.8357683319491015,0.8690085381022199,0.8432276513730711,0.8002703514503272,0.6562274432308376,0.5548945442340081,0.6551810545628909,0.6180946630458678,0.526383209986315,/Users/johnnyjheng/Documents/Codex/Stablecoin Depag/onchain-insights/8. Early-Warning Model/Robustness Check/threshold_10/lightning_logs/cv_model_comparison_threshold_10_20260720_124420/alpha_1.0_experiment_summary/artifacts/comparison/model_comparison_summary.csv
10,catboost,1.5,5,0.3,0.68,0.8540287005847287,0.0628163742854493,0.5252128341122173,0.249484357061997,4.1006128220051545,1.3469124582462344,0.5611168549627287,0.0505341170208794,0.8046711036205739,0.0313985495189566,0.170873615610169,0.1089114541011665,0.9081126764047164,0.9090539299661426,0.7636916815812028,0.7924906296081167,0.896794585363465,0.7528914665409081,0.7353199902186975,0.1753928270066699,0.2702955713064031,0.692164315488408,/Users/johnnyjheng/Documents/Codex/Stablecoin Depag/onchain-insights/8. Early-Warning Model/Robustness Check/threshold_10/lightning_logs/cv_model_comparison_threshold_10_20260720_124420/alpha_1.5_experiment_summary/artifacts/comparison/model_comparison_summary.csv
10,lightgbm,1.5,5,0.3,0.68,0.8752957377530617,0.0310514537507602,0.6051315688944935,0.161898924210749,4.578855275329511,1.132036011888531,0.3456394233323653,0.0819637039520977,0.7685026987352034,0.0648432102624196,0.132235119042548,0.0955868607779567,0.8910696248909509,0.8920235015704769,0.8970560205474496,0.882418541969792,0.8139109997866394,0.7051152492130801,0.711239642299956,0.6911485985763873,0.6319036055298628,0.2862507488531815,/Users/johnnyjheng/Documents/Codex/Stablecoin Depag/onchain-insights/8. Early-Warning Model/Robustness Check/threshold_10/lightning_logs/cv_model_comparison_threshold_10_20260720_124420/alpha_1.5_experiment_summary/artifacts/comparison/model_comparison_summary.csv
10,random_forest,1.5,5,0.3,0.68,0.9244875932704504,0.0058885800409549,0.762633340387978,0.0230230984263801,5.766502421327785,0.6875240122795748,0.3868242012107828,0.0231456202955292,0.7977344941089151,0.0180292380343185,0.076284794967911,0.0177546607827847,0.9250261953569088,0.9332949284080744,0.9251936079046028,0.9147447165942362,0.9241785180884292,0.7768280334739054,0.7953363832358973,0.7663919873715882,0.7308951961154599,0.7437151017430396,/Users/johnnyjheng/Documents/Codex/Stablecoin Depag/onchain-insights/8. Early-Warning Model/Robustness Check/threshold_10/lightning_logs/cv_model_comparison_threshold_10_20260720_124420/alpha_1.5_experiment_summary/artifacts/comparison/model_comparison_summary.csv
10,xgboost,1.5,5,0.3,0.68,0.8737378066227068,0.0091842733766062,0.6200531000799513,0.0400988792577017,5.2062487658213525,0.4566609429706829,0.5732466816902161,0.0529290051159562,0.7141808737827244,0.0317805291000578,0.0822607551780815,0.022009588490819,0.8573695972432347,0.8825339210454118,0.8822678827855694,0.8745322791549278,0.87198535288439,0.6749241557802393,0.6607662159461662,0.573919870047413,0.5921466460620017,0.5985086125639361,/Users/johnnyjheng/Documents/Codex/Stablecoin Depag/onchain-insights/8. Early-Warning Model/Robustness Check/threshold_10/lightning_logs/cv_model_comparison_threshold_10_20260720_124420/alpha_1.5_experiment_summary/artifacts/comparison/model_comparison_summary.csv
10,catboost,2.0,5,0.3,0.68,0.8375184121318334,0.0746646377795174,0.4883757977917143,0.2634389063772354,3.832395013387407,0.9243074212124688,0.5398930781282834,0.071394613832655,0.8015197780369316,0.0281190534752968,0.1676489421291942,0.0748134432609195,0.9143128273199144,0.9114489116470276,0.754815661429862,0.7428538580965788,0.8641608021657846,0.7424595929919052,0.7570830764583454,0.1844578044987542,0.1622375604333897,0.5956409545761776,/Users/johnnyjheng/Documents/Codex/Stablecoin Depag/onchain-insights/8. Early-Warning Model/Robustness Check/threshold_10/lightning_logs/cv_model_comparison_threshold_10_20260720_124420/alpha_2.0_experiment_summary/artifacts/comparison/model_comparison_summary.csv
10,lightgbm,2.0,5,0.3,0.68,0.8918901966155921,0.0054481809992204,0.6849796915415635,0.0310065703294805,6.085587414109983,1.2879933405597737,0.3821240179540551,0.0937338748993071,0.6930167767430804,0.0615213678024685,0.0643368752452964,0.0260440880975378,0.894568305888215,0.8928309229114899,0.8893924948393124,0.899499365367219,0.8831598940717241,0.7333663545187757,0.6949899838664284,0.680484804141008,0.6791549615353135,0.6369023536462914,/Users/johnnyjheng/Documents/Codex/Stablecoin Depag/onchain-insights/8. Early-Warning Model/Robustness Check/threshold_10/lightning_logs/cv_model_comparison_threshold_10_20260720_124420/alpha_2.0_experiment_summary/artifacts/comparison/model_comparison_summary.csv
10,random_forest,2.0,5,0.3,0.68,0.928450850860444,0.0034867347209171,0.7653831780087987,0.0230637518180109,5.1225950335796515,0.2611613048230381,0.3553149430591961,0.0124705542655986,0.8159843242648603,0.0138451688859427,0.09527462628181,0.0081019936879701,0.9271697477027904,0.9338964148112692,0.9307685429339612,0.9239627071502527,0.9264568417039464,0.786418540873635,0.7943283137918444,0.7660692153088743,0.7331449739887803,0.7469548460808593,/Users/johnnyjheng/Documents/Codex/Stablecoin Depag/onchain-insights/8. Early-Warning Model/Robustness Check/threshold_10/lightning_logs/cv_model_comparison_threshold_10_20260720_124420/alpha_2.0_experiment_summary/artifacts/comparison/model_comparison_summary.csv
10,xgboost,2.0,5,0.3,0.68,0.8801361055168119,0.0085670230554775,0.6586181134698367,0.0398890684235206,5.181044192011995,0.8261924320858824,0.5250740289688111,0.0617346654541585,0.7185125149644229,0.0508563925080722,0.0877341723418398,0.0288029942805354,0.8728072423673019,0.8908967238411634,0.872115392723092,0.8902601813352145,0.8746009873172882,0.6919420904737594,0.7047758844735752,0.6607906203541242,0.6440229624452842,0.5915590096024403,/Users/johnnyjheng/Documents/Codex/Stablecoin Depag/onchain-insights/8. Early-Warning Model/Robustness Check/threshold_10/lightning_logs/cv_model_comparison_threshold_10_20260720_124420/alpha_2.0_experiment_summary/artifacts/comparison/model_comparison_summary.csv
15,catboost,0.1,5,0.3,0.68,0.8694596094550645,0.0308642083158711,0.277534914981739,0.0997759369981227,6.306407482696881,1.2359800394348412,0.5279332656585296,0.0441266407145519,0.7122340550794228,0.0781361577177508,0.1009615045432572,0.0224329302997159,0.8883156054984881,0.8932030963677371,0.9014785566305368,0.8363053300921539,0.8279954586864068,0.4109252408326324,0.2375186532280735,0.367913384229609,0.2372878228375639,0.1340294737808162,/Users/johnnyjheng/Documents/Codex/Stablecoin Depag/onchain-insights/8. Early-Warning Model/Robustness Check/threshold_15/lightning_logs/cv_model_comparison_threshold_15_20260720_124420/alpha_0.1_experiment_summary/artifacts/comparison/model_comparison_summary.csv
15,lightgbm,0.1,5,0.3,0.68,0.6582683484800592,0.1257535608003928,0.0601582586008915,0.0329465457269043,2.5336084937755685,1.2955019005616517,0.069363189498132,0.0067322251689589,0.7885083385427037,0.0969075478137136,0.3692711474955298,0.1590481746143301,0.4654664279127619,0.6155441377482539,0.8413009211530524,0.6335585678381608,0.735471687748067,0.0371912181738638,0.0618604208487323,0.1195877728932355,0.0232314010359432,0.0589204800526827,/Users/johnnyjheng/Documents/Codex/Stablecoin Depag/onchain-insights/8. Early-Warning Model/Robustness Check/threshold_15/lightning_logs/cv_model_comparison_threshold_15_20260720_124420/alpha_0.1_experiment_summary/artifacts/comparison/model_comparison_summary.csv
15,random_forest,0.1,5,0.3,0.68,0.9069952105842208,0.0170836128750996,0.3035779547112306,0.0817115083954578,5.561551718207723,0.4310416095501352,0.2319207376067753,0.0047545262296288,0.8106489425330196,0.0354750444375385,0.128616583673214,0.0150765978092314,0.9086513263708692,0.9326477907775576,0.9170381487428888,0.8882227990422956,0.8884159879874931,0.3592564422201371,0.4282789883997484,0.2916009713496003,0.205054399980171,0.2336989716064963,/Users/johnnyjheng/Documents/Codex/Stablecoin Depag/onchain-insights/8. Early-Warning Model/Robustness Check/threshold_15/lightning_logs/cv_model_comparison_threshold_15_20260720_124420/alpha_0.1_experiment_summary/artifacts/comparison/model_comparison_summary.csv
15,xgboost,0.1,5,0.3,0.68,0.7849957379422904,0.0654615029686171,0.1214904480606038,0.0461992096020353,2.7206953390344686,0.9587107658782316,0.3669196210801601,0.1777976663820457,0.8573046440103538,0.0303367921930798,0.3401015247059615,0.1192709032759399,0.711169929874976,0.8909555415111364,0.7211392386788472,0.8100085149629874,0.7917054646835042,0.0786841192389884,0.185492680718304,0.1490480417829092,0.1344988202057662,0.059728578357051,/Users/johnnyjheng/Documents/Codex/Stablecoin Depag/onchain-insights/8. Early-Warning Model/Robustness Check/threshold_15/lightning_logs/cv_model_comparison_threshold_15_20260720_124420/alpha_0.1_experiment_summary/artifacts/comparison/model_comparison_summary.csv
15,catboost,0.3,5,0.3,0.68,0.8827077483835662,0.0222075045664132,0.3177169122716853,0.1090391859917351,4.641285444108688,1.7292391996740963,0.3748455767104536,0.1913497865968417,0.8131832903576444,0.0602013042519006,0.1978796294290677,0.111712028798326,0.8971245523364285,0.9139513157002648,0.887229788214202,0.8586832021754358,0.856549883491501,0.4765272244502341,0.4101259745286845,0.2893019506981898,0.2008714930664931,0.2117579186148247,/Users/johnnyjheng/Documents/Codex/Stablecoin Depag/onchain-insights/8. Early-Warning Model/Robustness Check/threshold_15/lightning_logs/cv_model_comparison_threshold_15_20260720_124420/alpha_0.3_experiment_summary/artifacts/comparison/model_comparison_summary.csv
15,lightgbm,0.3,5,0.3,0.68,0.5530506925952259,0.1642878460534251,0.0334365184943117,0.0071207784817412,1.6357410646553057,0.3562363429392331,0.0652484473451893,0.0048528749793283,0.9226250659812862,0.0437772486845162,0.5952735282486661,0.1835543631363345,0.2353676738650254,0.6137759158649732,0.6054332083648598,0.5975759823108511,0.71310068257042,0.0293207359149473,0.0455040767756777,0.0348002139966472,0.0239979286529473,0.0335596371313387,/Users/johnnyjheng/Documents/Codex/Stablecoin Depag/onchain-insights/8. Early-Warning Model/Robustness Check/threshold_15/lightning_logs/cv_model_comparison_threshold_15_20260720_124420/alpha_0.3_experiment_summary/artifacts/comparison/model_comparison_summary.csv
15,random_forest,0.3,5,0.3,0.68,0.9009873984008818,0.0188559571730366,0.2459107050076114,0.0946226080223804,5.031194803315989,0.7973284842059274,0.224145634887498,0.0132640794024486,0.8112694868181585,0.0299935746165982,0.1479539747507038,0.0327203740787165,0.905141429521134,0.927876033398746,0.9108406924299028,0.8877558494591167,0.8733229871955099,0.352433520982266,0.3668685484086745,0.2020900986899066,0.1527528120147438,0.1554085449424661,/Users/johnnyjheng/Documents/Codex/Stablecoin Depag/onchain-insights/8. Early-Warning Model/Robustness Check/threshold_15/lightning_logs/cv_model_comparison_threshold_15_20260720_124420/alpha_0.3_experiment_summary/artifacts/comparison/model_comparison_summary.csv
15,xgboost,0.3,5,0.3,0.68,0.7113553582470392,0.1046726266005131,0.0842390044118283,0.0595391224767029,2.5856053367587633,1.4709778719561468,0.391078576259315,0.1910846599456723,0.8338182865243123,0.0619212000287492,0.404769838561615,0.1942670515577726,0.6088322146211748,0.8878868148347628,0.601723856203789,0.7442313414729055,0.7141025641025642,0.067811242308869,0.2025367669371638,0.0511182072846756,0.050076370998997,0.0496524345294364,/Users/johnnyjheng/Documents/Codex/Stablecoin Depag/onchain-insights/8. Early-Warning Model/Robustness Check/threshold_15/lightning_logs/cv_model_comparison_threshold_15_20260720_124420/alpha_0.3_experiment_summary/artifacts/comparison/model_comparison_summary.csv
15,catboost,0.5,5,0.3,0.68,0.8814203338341825,0.0270281249095,0.3362507885144767,0.1168143368119236,5.656510602291008,2.670463671431741,0.3907438949396053,0.252580801639542,0.8008429590051798,0.0574245452504341,0.1773310510452118,0.120697469712935,0.8919283309386461,0.9164187426304332,0.8988099886406217,0.8456749939342334,0.8542696130269779,0.4206826279384538,0.4915508889821939,0.3582922297405953,0.2387752715955221,0.1719529243156183,/Users/johnnyjheng/Documents/Codex/Stablecoin Depag/onchain-insights/8. Early-Warning Model/Robustness Check/threshold_15/lightning_logs/cv_model_comparison_threshold_15_20260720_124420/alpha_0.5_experiment_summary/artifacts/comparison/model_comparison_summary.csv
15,lightgbm,0.5,5,0.3,0.68,0.3748799203939835,0.032806294391655,0.0278314986609199,0.0096346380451872,1.160991563644357,0.0448824104687477,0.0658577362993406,0.0002149633042357,0.9910588235294118,0.0178823529411764,0.8512524015298808,0.0419608516381562,0.379415732023761,0.410470699290388,0.3155797384389943,0.3984963765627933,0.3704370556539812,0.0389862411118182,0.0396648587888888,0.022609758165819,0.0216488893733923,0.0162477458646812,/Users/johnnyjheng/Documents/Codex/Stablecoin Depag/onchain-insights/8. Early-Warning Model/Robustness Check/threshold_15/lightning_logs/cv_model_comparison_threshold_15_20260720_124420/alpha_0.5_experiment_summary/artifacts/comparison/model_comparison_summary.csv
15,random_forest,0.5,5,0.3,0.68,0.8899898775619464,0.0184029420463619,0.222647693093188,0.0468105789141497,4.743109157632165,1.2071782712108423,0.2260676061977413,0.0265289891808359,0.8138936498514887,0.0159553833171015,0.1657195032757911,0.0517223866552081,0.8937953292873839,0.915009427830044,0.9029957653340124,0.8711741035254694,0.8669747618328228,0.2287008938559344,0.2706088359612026,0.2651362248933751,0.2072410510762173,0.1415514596792102,/Users/johnnyjheng/Documents/Codex/Stablecoin Depag/onchain-insights/8. Early-Warning Model/Robustness Check/threshold_15/lightning_logs/cv_model_comparison_threshold_15_20260720_124420/alpha_0.5_experiment_summary/artifacts/comparison/model_comparison_summary.csv
15,xgboost,0.5,5,0.3,0.68,0.7164395061138967,0.1077534641685442,0.0831979684838472,0.0515216321413299,2.855594689179837,0.9262544278938992,0.3044395475648344,0.2213732531002896,0.7279718168245949,0.1564934881321691,0.3051803801352164,0.2192176667230742,0.7928033925929103,0.8663576051557452,0.5541440731410092,0.7105251351635925,0.6583673245162265,0.0996249494716103,0.174391229697619,0.0385901042804474,0.0705490706221382,0.0328344883474212,/Users/johnnyjheng/Documents/Codex/Stablecoin Depag/onchain-insights/8. Early-Warning Model/Robustness Check/threshold_15/lightning_logs/cv_model_comparison_threshold_15_20260720_124420/alpha_0.5_experiment_summary/artifacts/comparison/model_comparison_summary.csv
15,catboost,1.0,5,0.3,0.68,0.8505029067808435,0.0481672805306653,0.2544813096437661,0.1654790800049353,4.378835365850862,1.5071554971820087,0.483780803728182,0.1071564699804177,0.8068153325116196,0.0918223109678325,0.2062329565259642,0.1142392922547451,0.8866307820977463,0.901885969008824,0.7630183331572443,0.8513385888051127,0.8496408608352904,0.4990565506066696,0.3895238084433789,0.0459745269933937,0.1882719726819063,0.149579689493482,/Users/johnnyjheng/Documents/Codex/Stablecoin Depag/onchain-insights/8. Early-Warning Model/Robustness Check/threshold_15/lightning_logs/cv_model_comparison_threshold_15_20260720_124420/alpha_1.0_experiment_summary/artifacts/comparison/model_comparison_summary.csv
15,lightgbm,1.0,5,0.3,0.68,0.6193532687026213,0.1110324780155094,0.0354052325763978,0.0069803380686023,1.7842562992858455,0.3340776204411173,0.0591515708115164,0.0058729083046892,0.8302375570066385,0.0840395388169378,0.4710118734827572,0.0896194392414854,0.5950434260470503,0.4127653103266149,0.6774559979945546,0.7115174030278475,0.6999842061170395,0.0471420344423954,0.0296689354884874,0.0395961244542559,0.0316271301284544,0.0289919383683958,/Users/johnnyjheng/Documents/Codex/Stablecoin Depag/onchain-insights/8. Early-Warning Model/Robustness Check/threshold_15/lightning_logs/cv_model_comparison_threshold_15_20260720_124420/alpha_1.0_experiment_summary/artifacts/comparison/model_comparison_summary.csv
15,random_forest,1.0,5,0.3,0.68,0.8932111145362456,0.0219473460247736,0.2953150421459939,0.0338249797547911,4.86740571627534,1.1862593518665443,0.2119833418245599,0.0290416316253496,0.8043470779937826,0.0185880890788714,0.1591256450210452,0.051662159790001,0.8928650468572409,0.9277947222168226,0.9047295306430878,0.8743832374255514,0.8662830355385256,0.2497313110723359,0.3444844180769222,0.3225356080943076,0.2777128816754399,0.2821109918109637,/Users/johnnyjheng/Documents/Codex/Stablecoin Depag/onchain-insights/8. Early-Warning Model/Robustness Check/threshold_15/lightning_logs/cv_model_comparison_threshold_15_20260720_124420/alpha_1.0_experiment_summary/artifacts/comparison/model_comparison_summary.csv
15,xgboost,1.0,5,0.3,0.68,0.7965990449317705,0.0535600958246424,0.1334230695083312,0.0571749474726347,3.1427779421063127,1.3164191182051586,0.2925550533458591,0.228640123841746,0.8243386008842692,0.0788302327971585,0.3029875644577141,0.1346788008688138,0.7539114537539404,0.8811765087965424,0.7796918793241596,0.8329437508869754,0.7352716318972345,0.1128052265942808,0.2418810882615416,0.1366297068631382,0.087007420041189,0.0887919057815062,/Users/johnnyjheng/Documents/Codex/Stablecoin Depag/onchain-insights/8. Early-Warning Model/Robustness Check/threshold_15/lightning_logs/cv_model_comparison_threshold_15_20260720_124420/alpha_1.0_experiment_summary/artifacts/comparison/model_comparison_summary.csv
15,catboost,1.5,5,0.3,0.68,0.8667521001855268,0.0271976691922483,0.2231402256874741,0.1292867262680226,4.029824690739227,1.2429070041923962,0.3766588971149621,0.1953449219082402,0.8116367993317748,0.0409954475686698,0.2077955478255104,0.0825393964198668,0.8819017391863782,0.9116427181925116,0.843654989890744,0.8591895220175884,0.8373715316404122,0.3498151079464475,0.406066647746717,0.0826044825852085,0.1421294600463744,0.1350854301126231,/Users/johnnyjheng/Documents/Codex/Stablecoin Depag/onchain-insights/8. Early-Warning Model/Robustness Check/threshold_15/lightning_logs/cv_model_comparison_threshold_15_20260720_124420/alpha_1.5_experiment_summary/artifacts/comparison/model_comparison_summary.csv
15,lightgbm,1.5,5,0.3,0.68,0.6622930588216756,0.1129313086360834,0.0564791725157004,0.0227059698641968,2.5326191119681907,1.1541173824985629,0.0651229708414104,0.0053417345623427,0.6910600656721304,0.0884932959108873,0.3169964983548533,0.1240854517874023,0.7157318093114022,0.6426684101554112,0.4534226115282925,0.7779045866351705,0.7217378764781014,0.0968434735575838,0.0555914386051985,0.0384639904647347,0.0597645093376025,0.0317324506133827,/Users/johnnyjheng/Documents/Codex/Stablecoin Depag/onchain-insights/8. Early-Warning Model/Robustness Check/threshold_15/lightning_logs/cv_model_comparison_threshold_15_20260720_124420/alpha_1.5_experiment_summary/artifacts/comparison/model_comparison_summary.csv
15,random_forest,1.5,5,0.3,0.68,0.8931919587068775,0.016598963609885,0.3154163352283231,0.0286307049761014,5.947745348278517,1.529075980559219,0.2561317353072789,0.0365417945316908,0.7668699758680174,0.0614072174738934,0.123116685309969,0.04760524017934,0.8965049001737042,0.9168414185411304,0.8997785872765776,0.8864474750387981,0.8663874125041773,0.2918694734036764,0.3555461661426916,0.3284442455355419,0.3263557957028483,0.2748659953568576,/Users/johnnyjheng/Documents/Codex/Stablecoin Depag/onchain-insights/8. Early-Warning Model/Robustness Check/threshold_15/lightning_logs/cv_model_comparison_threshold_15_20260720_124420/alpha_1.5_experiment_summary/artifacts/comparison/model_comparison_summary.csv
15,xgboost,1.5,5,0.3,0.68,0.7407073727090567,0.0487464253150907,0.1451730684884516,0.0647011876411494,3.119208925704226,1.396430843686862,0.3922163426876068,0.1779076333009169,0.7645636115365657,0.1083892641036593,0.2958027406856011,0.1433493837255972,0.6950611181402929,0.7027725453623941,0.7250113364101871,0.830246430353554,0.7504454332788558,0.1037536106016737,0.07695907150446,0.0999047849645922,0.206561469589704,0.2386864057818282,/Users/johnnyjheng/Documents/Codex/Stablecoin Depag/onchain-insights/8. Early-Warning Model/Robustness Check/threshold_15/lightning_logs/cv_model_comparison_threshold_15_20260720_124420/alpha_1.5_experiment_summary/artifacts/comparison/model_comparison_summary.csv
15,catboost,2.0,5,0.3,0.68,0.847169015450377,0.0585392492527739,0.2576702153576002,0.1677485230997919,4.414983955367189,2.186455174695911,0.4445295319682194,0.1580296806140892,0.7972242680744744,0.0348001177009551,0.2119913606064637,0.1070965364480458,0.8979363513542493,0.9143436480795152,0.8158031854820452,0.7523400125435477,0.8554218797925279,0.428321562187753,0.4625398659589456,0.1016702185591358,0.045017428552349,0.2508020015298178,/Users/johnnyjheng/Documents/Codex/Stablecoin Depag/onchain-insights/8. Early-Warning Model/Robustness Check/threshold_15/lightning_logs/cv_model_comparison_threshold_15_20260720_124420/alpha_2.0_experiment_summary/artifacts/comparison/model_comparison_summary.csv
15,lightgbm,2.0,5,0.3,0.68,0.5770390266709888,0.1794771570263777,0.0625318159098766,0.0437231875505473,1.72648310600805,0.508779778860806,0.0636221132130328,0.0055267656539509,0.8792554390958125,0.1048774099037717,0.5685435554140581,0.2381343329823627,0.4940430185927816,0.7580294199502082,0.5774929766755411,0.2863939131748452,0.7692358049615682,0.0457018898943938,0.0725479632066608,0.0381771691199551,0.0144916157516137,0.1417404415767597,/Users/johnnyjheng/Documents/Codex/Stablecoin Depag/onchain-insights/8. Early-Warning Model/Robustness Check/threshold_15/lightning_logs/cv_model_comparison_threshold_15_20260720_124420/alpha_2.0_experiment_summary/artifacts/comparison/model_comparison_summary.csv
15,random_forest,2.0,5,0.3,0.68,0.8950727172482729,0.0206011292741651,0.3230842750070741,0.0585442841666979,6.822222190808828,0.7385813715721604,0.2827748011422197,0.0222284533292201,0.7405072509348193,0.0687710392602829,0.0924810490754771,0.0101152834672514,0.8959985846325406,0.9264188327127924,0.9072304313216976,0.8742339966764177,0.8714817408979165,0.2957665476874671,0.3977905401320568,0.2997803545773017,0.2404134498982792,0.3816704827402658,/Users/johnnyjheng/Documents/Codex/Stablecoin Depag/onchain-insights/8. Early-Warning Model/Robustness Check/threshold_15/lightning_logs/cv_model_comparison_threshold_15_20260720_124420/alpha_2.0_experiment_summary/artifacts/comparison/model_comparison_summary.csv
15,xgboost,2.0,5,0.3,0.68,0.6651954947543244,0.0470514439124495,0.1150061563167607,0.0627437856525829,2.7087804280311714,1.007661545208841,0.4892843246459961,0.009453132998996,0.6940618884990353,0.1752092545924621,0.3189360098175081,0.209658818701785,0.6658087967232098,0.5897546251364867,0.650282573558701,0.686312654791498,0.7338188235617267,0.0748209699614795,0.0644855733669258,0.1619891683459021,0.0582752595237327,0.2154598103857635,/Users/johnnyjheng/Documents/Codex/Stablecoin Depag/onchain-insights/8. Early-Warning Model/Robustness Check/threshold_15/lightning_logs/cv_model_comparison_threshold_15_20260720_124420/alpha_2.0_experiment_summary/artifacts/comparison/model_comparison_summary.csv
20,catboost,0.1,5,0.3,0.68,0.950953648355297,0.0365795318544162,0.1355832490150051,0.0704555298079914,11.286282121633889,6.07902356238751,0.4634856398806884,0.0561151509813029,0.9655680107077128,0.0343007380974181,0.1192467343600228,0.0830014253091915,0.8839086130278581,0.940362792374024,0.9814408741279202,0.9699378561392152,0.9791181061074674,0.0557428233870038,0.1049359739151686,0.239429919938783,0.0810246801875144,0.1967828476465559,/Users/johnnyjheng/Documents/Codex/Stablecoin Depag/onchain-insights/8. Early-Warning Model/Robustness Check/threshold_20/lightning_logs/cv_model_comparison_threshold_20_20260720_124420/alpha_0.1_experiment_summary/artifacts/comparison/model_comparison_summary.csv
20,lightgbm,0.1,5,0.3,0.68,0.8202642716449595,0.0817348834496694,0.0387925992544901,0.0115579792010156,5.2307676396574365,1.537865076640394,0.0379038756377433,0.0037355318701361,0.8399196921532542,0.1910700416499269,0.1701087214641029,0.0631730026935577,0.6854179473972785,0.8816365276938158,0.879651769517357,0.8898646517363002,0.7647504618800464,0.0390006887547786,0.0589371423823553,0.0389611244657063,0.0336065221184296,0.0234575185511804,/Users/johnnyjheng/Documents/Codex/Stablecoin Depag/onchain-insights/8. Early-Warning Model/Robustness Check/threshold_20/lightning_logs/cv_model_comparison_threshold_20_20260720_124420/alpha_0.1_experiment_summary/artifacts/comparison/model_comparison_summary.csv
20,random_forest,0.1,5,0.3,0.68,0.9797715136463362,0.0032809594781174,0.1850463534245652,0.0398151267886133,16.650601063146933,2.755265492612134,0.2359159328496737,0.0098999824216636,1.0,0.0,0.0539305789461845,0.0085265528684122,0.9750604206632916,0.9821415562522444,0.9765741324716026,0.9820655357603713,0.9830159230841709,0.1819685996996023,0.25580662235465,0.1873839175671443,0.1650839616876439,0.1349886658137858,/Users/johnnyjheng/Documents/Codex/Stablecoin Depag/onchain-insights/8. Early-Warning Model/Robustness Check/threshold_20/lightning_logs/cv_model_comparison_threshold_20_20260720_124420/alpha_0.1_experiment_summary/artifacts/comparison/model_comparison_summary.csv
20,xgboost,0.1,5,0.3,0.68,0.8555225019144869,0.0113411172692249,0.0509112546324719,0.0288292176895678,7.311661705655534,2.637303342718977,0.4837911307811737,0.0136343826320203,0.8174328810900502,0.0821337825449905,0.1292542830123366,0.0631362035263009,0.8631914507477338,0.8378965685153067,0.8463607533208928,0.866941678170996,0.8632220588175052,0.1074658208879199,0.0433509766006529,0.0365472200912214,0.0404550442999962,0.026737211282569,/Users/johnnyjheng/Documents/Codex/Stablecoin Depag/onchain-insights/8. Early-Warning Model/Robustness Check/threshold_20/lightning_logs/cv_model_comparison_threshold_20_20260720_124420/alpha_0.1_experiment_summary/artifacts/comparison/model_comparison_summary.csv
20,catboost,0.3,5,0.3,0.68,0.9659789877749732,0.0224810010976219,0.1677609160731911,0.0640306452703661,10.79546934146339,4.837609052569163,0.3360224167620455,0.1453637871875638,0.9952874397729524,0.0039151293902595,0.1073751236884544,0.0489799511288867,0.9534310373694294,0.927766473976619,0.9772909771845072,0.9869833805113248,0.9844230698329858,0.1190705609326847,0.0760893691844395,0.2253025184484476,0.2478010895522081,0.1705410422481759,/Users/johnnyjheng/Documents/Codex/Stablecoin Depag/onchain-insights/8. Early-Warning Model/Robustness Check/threshold_20/lightning_logs/cv_model_comparison_threshold_20_20260720_124420/alpha_0.3_experiment_summary/artifacts/comparison/model_comparison_summary.csv
20,lightgbm,0.3,5,0.3,0.68,0.846036768220403,0.0725381524303795,0.050843762830279,0.034849250564995,5.299185898938862,2.2356646534408733,0.0339730849817668,0.0059574110434655,0.9765599937374616,0.0201838135738531,0.2152172935082068,0.0960966391659884,0.8830960813157966,0.724313709451696,0.8329540504164527,0.9457562338444396,0.8440637660736304,0.0537320831698408,0.0307269096043031,0.0350310144952158,0.1166767497871571,0.0180520570948782,/Users/johnnyjheng/Documents/Codex/Stablecoin Depag/onchain-insights/8. Early-Warning Model/Robustness Check/threshold_20/lightning_logs/cv_model_comparison_threshold_20_20260720_124420/alpha_0.3_experiment_summary/artifacts/comparison/model_comparison_summary.csv
20,random_forest,0.3,5,0.3,0.68,0.9776354824529264,0.0052871062736425,0.1681983300679991,0.0329698426981092,16.629006471872422,2.1057094784872423,0.2407545166895693,0.0092440320559952,1.0,0.0,0.053293264887432,0.0052302456261339,0.9688132244249014,0.9793566461451554,0.974747885226822,0.9832412304238646,0.98201842604389,0.1499733345953465,0.2340924432323168,0.1521544931692574,0.1510848951160484,0.1536864842270264,/Users/johnnyjheng/Documents/Codex/Stablecoin Depag/onchain-insights/8. Early-Warning Model/Robustness Check/threshold_20/lightning_logs/cv_model_comparison_threshold_20_20260720_124420/alpha_0.3_experiment_summary/artifacts/comparison/model_comparison_summary.csv
20,xgboost,0.3,5,0.3,0.68,0.902302353435856,0.0514952541036242,0.0490007039241514,0.016435440017711,7.379556785634553,3.0493007583631093,0.2781666880473494,0.2180434262884965,1.0,0.0,0.1615185130132611,0.0789091536126308,0.8719826412808286,0.8214411238818503,0.9441495068238416,0.9082794302591852,0.9656590649335752,0.0505174732816574,0.0418010748103083,0.0747033382986172,0.0242351042881557,0.0537465289420183,/Users/johnnyjheng/Documents/Codex/Stablecoin Depag/onchain-insights/8. Early-Warning Model/Robustness Check/threshold_20/lightning_logs/cv_model_comparison_threshold_20_20260720_124420/alpha_0.3_experiment_summary/artifacts/comparison/model_comparison_summary.csv
20,catboost,0.5,5,0.3,0.68,0.9008013629976624,0.08899180364431,0.1052930099783184,0.0503214712916063,7.226986619892841,3.4381143405867256,0.4394602543667753,0.1177296180395563,0.9400699623787208,0.0633400947233183,0.1788751221769223,0.1361400232423888,0.7351469330841953,0.885842329866787,0.9354998244461928,0.9673181462531388,0.980199581337998,0.0241250615590419,0.1175969474351298,0.0918450338575058,0.1121477647181332,0.1807502423217816,/Users/johnnyjheng/Documents/Codex/Stablecoin Depag/onchain-insights/8. Early-Warning Model/Robustness Check/threshold_20/lightning_logs/cv_model_comparison_threshold_20_20260720_124420/alpha_0.5_experiment_summary/artifacts/comparison/model_comparison_summary.csv
20,lightgbm,0.5,5,0.3,0.68,0.7288127716473041,0.1619689810840789,0.0272334903384233,0.0176648250670995,3.2971405853562255,1.0862388794778937,0.0365891108067809,0.003015231940306,0.998165137614679,0.0036697247706421,0.3513246907306536,0.1722837759432475,0.8388388241263447,0.4140211724739945,0.8545207543612118,0.7455081909459221,0.791174916329047,0.0377269507241904,0.0176250508840273,0.0570055994945884,0.0110426296866974,0.0127672209026128,/Users/johnnyjheng/Documents/Codex/Stablecoin Depag/onchain-insights/8. Early-Warning Model/Robustness Check/threshold_20/lightning_logs/cv_model_comparison_threshold_20_20260720_124420/alpha_0.5_experiment_summary/artifacts/comparison/model_comparison_summary.csv
20,random_forest,0.5,5,0.3,0.68,0.981036927206092,0.0032880141243616,0.2806858730318974,0.077959211422766,14.835439076929951,1.9916113403800264,0.2294293592180229,0.006387057852165,1.0,0.0,0.0609072263457109,0.0068995833941877,0.9761851204770772,0.984502147793224,0.978602754244176,0.9845725919766009,0.9813220215393816,0.2094533548479019,0.3306918427535258,0.2684268381664894,0.4025538246063222,0.1923035047852476,/Users/johnnyjheng/Documents/Codex/Stablecoin Depag/onchain-insights/8. Early-Warning Model/Robustness Check/threshold_20/lightning_logs/cv_model_comparison_threshold_20_20260720_124420/alpha_0.5_experiment_summary/artifacts/comparison/model_comparison_summary.csv
20,xgboost,0.5,5,0.3,0.68,0.8383604527426975,0.0092558990804464,0.0308548660029216,0.0134410018841179,3.790571417499056,0.1836022566451094,0.490122252702713,4.394984767757176e-06,1.0,0.0,0.2582819628824965,0.011180228456363,0.830767505377471,0.8401833516310064,0.8465956378129897,0.8493042099700546,0.8249515589219658,0.04317481080071,0.0446565804190907,0.037037911542767,0.0154121863799283,0.0139928408721119,/Users/johnnyjheng/Documents/Codex/Stablecoin Depag/onchain-insights/8. Early-Warning Model/Robustness Check/threshold_20/lightning_logs/cv_model_comparison_threshold_20_20260720_124420/alpha_0.5_experiment_summary/artifacts/comparison/model_comparison_summary.csv
20,catboost,1.0,5,0.3,0.68,0.9604134615758058,0.0225504531437518,0.1677532775808374,0.1041802773588402,10.855573174959328,4.377591885256993,0.3492527034270504,0.1313345666865981,0.9798561151079136,0.0246711197114852,0.1005153055685457,0.0419575765384372,0.9259838886751676,0.942115662595168,0.9750924908484452,0.972991794716338,0.9858834710439104,0.0787193961285467,0.0993485526426863,0.1817070794497453,0.1146502566943947,0.364341102988814,/Users/johnnyjheng/Documents/Codex/Stablecoin Depag/onchain-insights/8. Early-Warning Model/Robustness Check/threshold_20/lightning_logs/cv_model_comparison_threshold_20_20260720_124420/alpha_1.0_experiment_summary/artifacts/comparison/model_comparison_summary.csv
20,lightgbm,1.0,5,0.3,0.68,0.7334621146056929,0.1407729697570288,0.0234383954059173,0.0096730084678579,2.993699698248375,1.0166958563597797,0.0303340978565981,0.0040033913166773,1.0,0.0,0.3897473458282852,0.1900234467359901,0.7793361331542333,0.718337783139983,0.8239179058381394,0.471334761645317,0.8743839892507915,0.0329770279456525,0.0237928062796935,0.0275506513410933,0.0049959141659179,0.0278755772972295,/Users/johnnyjheng/Documents/Codex/Stablecoin Depag/onchain-insights/8. Early-Warning Model/Robustness Check/threshold_20/lightning_logs/cv_model_comparison_threshold_20_20260720_124420/alpha_1.0_experiment_summary/artifacts/comparison/model_comparison_summary.csv
20,random_forest,1.0,5,0.3,0.68,0.9847067137851914,0.0008353263557905,0.4900752156394087,0.105011889125925,14.88172096048316,1.5883405380640545,0.228325366204504,0.0088911980211498,1.0,0.0,0.0602104289211769,0.0049423121062171,0.9838931484054184,0.9855188508635266,0.985732189416056,0.9847385001085572,0.9836508801323988,0.3568728039183154,0.443069747165401,0.423327252587998,0.624420586500893,0.6026856880244363,/Users/johnnyjheng/Documents/Codex/Stablecoin Depag/onchain-insights/8. Early-Warning Model/Robustness Check/threshold_20/lightning_logs/cv_model_comparison_threshold_20_20260720_124420/alpha_1.0_experiment_summary/artifacts/comparison/model_comparison_summary.csv
20,xgboost,1.0,5,0.3,0.68,0.8856167897746122,0.0417831250194741,0.0497087377213786,0.0336806854030426,5.435480563007028,1.294508587179103,0.2169743569567799,0.2233599575422969,1.0,0.0,0.18914545845613,0.0542853928461779,0.9360959624554752,0.9017574712658368,0.9159747462597286,0.8493042099700546,0.8249515589219658,0.1049492446261622,0.0625465611069679,0.0516428556217228,0.0154121863799283,0.0139928408721119,/Users/johnnyjheng/Documents/Codex/Stablecoin Depag/onchain-insights/8. Early-Warning Model/Robustness Check/threshold_20/lightning_logs/cv_model_comparison_threshold_20_20260720_124420/alpha_1.0_experiment_summary/artifacts/comparison/model_comparison_summary.csv
20,catboost,1.5,5,0.3,0.68,0.862060085008936,0.0319019803874813,0.0377683769859453,0.0231931503018087,4.04988376278115,0.8926498924310575,0.5060918935277194,0.0048532008979205,0.99568345323741,0.0086330935251798,0.2495259486211053,0.0466008833147978,0.9191561300613088,0.863578385825715,0.8628181100007153,0.8379999262630524,0.8267478728938884,0.071741355381009,0.0536571193220036,0.0385426798728313,0.0128934913869337,0.0120072389669489,/Users/johnnyjheng/Documents/Codex/Stablecoin Depag/onchain-insights/8. Early-Warning Model/Robustness Check/threshold_20/lightning_logs/cv_model_comparison_threshold_20_20260720_124420/alpha_1.5_experiment_summary/artifacts/comparison/model_comparison_summary.csv
20,lightgbm,1.5,5,0.3,0.68,0.7916615795757146,0.0436660130900806,0.026295759820531,0.0085183223407915,3.0843366527907143,0.816018779078748,0.0349650335341707,0.0055925840666829,1.0,0.0,0.3409505905233733,0.0868198612420907,0.8235052036537406,0.7107540473217446,0.8325001300398572,0.7841135794781883,0.807434937385042,0.0402841004234065,0.0276347768507111,0.0286390798837752,0.0160957114727222,0.0188251304720398,/Users/johnnyjheng/Documents/Codex/Stablecoin Depag/onchain-insights/8. Early-Warning Model/Robustness Check/threshold_20/lightning_logs/cv_model_comparison_threshold_20_20260720_124420/alpha_1.5_experiment_summary/artifacts/comparison/model_comparison_summary.csv
20,random_forest,1.5,5,0.3,0.68,0.98278033318365,0.0040913852725159,0.3502476408440502,0.1129867508438434,18.305984244123056,2.8203145791061415,0.2488902896211209,0.0055411819108456,1.0,0.0,0.048042547956884,0.0051749772819218,0.9787201682959904,0.977874726333696,0.9827624041768802,0.9884540229649628,0.98609034414672,0.256501108498658,0.2793914160776622,0.2671728041497554,0.5529771491386892,0.3951957263554863,/Users/johnnyjheng/Documents/Codex/Stablecoin Depag/onchain-insights/8. Early-Warning Model/Robustness Check/threshold_20/lightning_logs/cv_model_comparison_threshold_20_20260720_124420/alpha_1.5_experiment_summary/artifacts/comparison/model_comparison_summary.csv
20,xgboost,1.5,5,0.3,0.68,0.7791055943373932,0.047705838182054,0.0266641913565927,0.0146140765509784,3.1653432076874064,0.520881806342346,0.4903940021991729,0.0003298200273797,1.0,0.0,0.317536821287801,0.0458093201985965,0.8719826412808286,0.743363312547688,0.747198047451544,0.7581469085784746,0.7748370618284305,0.0505174732816574,0.033010559407,0.0267443944133507,0.0112418300653594,0.0118066996155958,/Users/johnnyjheng/Documents/Codex/Stablecoin Depag/onchain-insights/8. Early-Warning Model/Robustness Check/threshold_20/lightning_logs/cv_model_comparison_threshold_20_20260720_124420/alpha_1.5_experiment_summary/artifacts/comparison/model_comparison_summary.csv
20,catboost,2.0,5,0.3,0.68,0.928343232931453,0.015004908081255,0.0624823674930621,0.030755198510118,5.249111053029272,1.2226483074055703,0.4972100261479177,0.0059639104161699,0.9901788660814468,0.0121741778823028,0.1925092238799244,0.0482718525972379,0.920986962428636,0.944637290700394,0.946720232251185,0.9077806817390448,0.9215909975380052,0.0755363913557695,0.1012929791030335,0.0830836139648864,0.0250925589299697,0.0274062941116516,/Users/johnnyjheng/Documents/Codex/Stablecoin Depag/onchain-insights/8. Early-Warning Model/Robustness Check/threshold_20/lightning_logs/cv_model_comparison_threshold_20_20260720_124420/alpha_2.0_experiment_summary/artifacts/comparison/model_comparison_summary.csv
20,lightgbm,2.0,5,0.3,0.68,0.8334155720570571,0.034394426406732,0.0310913696542786,0.0159010313698156,3.57583471491335,0.5540355140947579,0.0329449987963575,0.0027643936400732,0.9860465116279068,0.027906976744186,0.278453032151072,0.0574857897066476,0.85625665394137,0.8457806503065446,0.8647122217959805,0.7681526027094232,0.832175731531967,0.0451520922193803,0.0474949294987449,0.0389674914491159,0.011470220387844,0.012372114716308,/Users/johnnyjheng/Documents/Codex/Stablecoin Depag/onchain-insights/8. Early-Warning Model/Robustness Check/threshold_20/lightning_logs/cv_model_comparison_threshold_20_20260720_124420/alpha_2.0_experiment_summary/artifacts/comparison/model_comparison_summary.csv
20,random_forest,2.0,5,0.3,0.68,0.9779263864443496,0.0065441833205566,0.2145263852171208,0.0337830844610306,17.17913749336273,3.311624538845127,0.2424927613071355,0.0037147965055553,1.0,0.0,0.0526559147566783,0.0086343330977664,0.9702587192992096,0.9720071162824582,0.9762197738606884,0.9860432344302388,0.9851030883491526,0.1683752527957845,0.1980862539193239,0.1997329594079762,0.2600465592036594,0.24639090075886,/Users/johnnyjheng/Documents/Codex/Stablecoin Depag/onchain-insights/8. Early-Warning Model/Robustness Check/threshold_20/lightning_logs/cv_model_comparison_threshold_20_20260720_124420/alpha_2.0_experiment_summary/artifacts/comparison/model_comparison_summary.csv
20,xgboost,2.0,5,0.3,0.68,0.816923669815617,0.0399419498518532,0.0286636380511739,0.0126601336927785,3.592309408780531,0.467154460650687,0.4906365513801575,0.0001642309799961,1.0,0.0,0.2773281562262114,0.0392939387951865,0.8214960808045694,0.8176225763038529,0.8413513741961911,0.7432622864188831,0.8608860313545887,0.0418010748103083,0.0383252843482308,0.0362905974457277,0.0107661492238357,0.0161350844277673,/Users/johnnyjheng/Documents/Codex/Stablecoin Depag/onchain-insights/8. Early-Warning Model/Robustness Check/threshold_20/lightning_logs/cv_model_comparison_threshold_20_20260720_124420/alpha_2.0_experiment_summary/artifacts/comparison/model_comparison_summary.csv
25,catboost,0.1,5,0.3,0.68,0.7635987279814767,0.1964315558120069,0.0155511807513037,0.0162551618295534,5.521511011533417,4.26477919580512,0.4848135149529993,0.0108503965557609,0.975,0.0333333333333333,0.3340895102435594,0.2456952503371561,0.6872820129546586,0.8683779565637914,0.959983806676632,0.414237668161435,0.8881121955508661,0.0053434802207113,0.0133308134779481,0.047228189019664,0.0025112645570743,0.009342156481121,/Users/johnnyjheng/Documents/Codex/Stablecoin Depag/onchain-insights/8. Early-Warning Model/Robustness Check/threshold_25/lightning_logs/cv_model_comparison_threshold_25_20260720_124420/alpha_0.1_experiment_summary/artifacts/comparison/model_comparison_summary.csv
25,lightgbm,0.1,5,0.3,0.68,0.9124714235469972,0.0254049460292137,0.0128303166738272,0.002762701702394,5.689154352983051,0.7300783753076314,0.0146784247937526,0.0024788208837361,1.0,0.0,0.1772091796359799,0.0248871681792679,0.9290937600750316,0.8620856414314605,0.9209476391453444,0.9219166739939624,0.9283134030891876,0.014752025992774,0.0074821531656848,0.013438551075939,0.0133660270615202,0.0151128260732181,/Users/johnnyjheng/Documents/Codex/Stablecoin Depag/onchain-insights/8. Early-Warning Model/Robustness Check/threshold_25/lightning_logs/cv_model_comparison_threshold_25_20260720_124420/alpha_0.1_experiment_summary/artifacts/comparison/model_comparison_summary.csv
25,random_forest,0.1,5,0.3,0.68,0.980235352736012,0.0067099040817459,0.0547081760157043,0.0154737984858101,23.111522656497023,6.540683363830307,0.1649190999393252,0.0090719628625436,1.0,0.0,0.0439461883408071,0.0096297967640064,0.967943081567455,0.9795238723292008,0.9828468009027228,0.9829127465634984,0.987950262317184,0.0303197534951033,0.0480161604131968,0.0592876449440504,0.0583281945746952,0.0775891266514759,/Users/johnnyjheng/Documents/Codex/Stablecoin Depag/onchain-insights/8. Early-Warning Model/Robustness Check/threshold_25/lightning_logs/cv_model_comparison_threshold_25_20260720_124420/alpha_0.1_experiment_summary/artifacts/comparison/model_comparison_summary.csv
25,xgboost,0.1,5,0.3,0.68,0.8136056889123362,0.0112193867015836,0.0056430575337174,0.0003739864168125,3.618230742356515,0.2265357476544367,0.1181054636836052,0.0181504771717646,1.0,0.0,0.2759166446847797,0.0170310008289988,0.8076584894047305,0.8008129634514494,0.8084956329317975,0.817790307453325,0.8332710513203786,0.0054667860858098,0.0052804505979618,0.0053169052198971,0.0059078537705619,0.0062432919943564,/Users/johnnyjheng/Documents/Codex/Stablecoin Depag/onchain-insights/8. Early-Warning Model/Robustness Check/threshold_25/lightning_logs/cv_model_comparison_threshold_25_20260720_124420/alpha_0.1_experiment_summary/artifacts/comparison/model_comparison_summary.csv
25,catboost,0.3,5,0.3,0.68,0.7006979249098743,0.2539187270987262,0.0357422445491353,0.0517948029575929,13.241859911165454,16.88849487207241,0.4771310170814278,0.0106300513709829,0.975,0.0333333333333333,0.3721797239075002,0.3042900623407102,0.986259488847856,0.7462264427445119,0.399366921656555,0.414237668161435,0.9573991031390134,0.1370012829610677,0.0052581829016324,0.0024484812153475,0.0025112645570743,0.0314920111105547,/Users/johnnyjheng/Documents/Codex/Stablecoin Depag/onchain-insights/8. Early-Warning Model/Robustness Check/threshold_25/lightning_logs/cv_model_comparison_threshold_25_20260720_124420/alpha_0.3_experiment_summary/artifacts/comparison/model_comparison_summary.csv
25,lightgbm,0.3,5,0.3,0.68,0.9410694920718662,0.0205011227144241,0.0211082880783841,0.0075713703974582,7.324071747600527,1.3296138405812787,0.0165992281821439,0.0032080747818382,1.0,0.0,0.1391541369911193,0.0246280399430099,0.9604802309563586,0.9390772003868813,0.9073042146604532,0.9641933380228024,0.9342924763328352,0.0299549926180562,0.0169848614292435,0.0115765557681906,0.0301813563475096,0.0168436742289205,/Users/johnnyjheng/Documents/Codex/Stablecoin Depag/onchain-insights/8. Early-Warning Model/Robustness Check/threshold_25/lightning_logs/cv_model_comparison_threshold_25_20260720_124420/alpha_0.3_experiment_summary/artifacts/comparison/model_comparison_summary.csv
25,random_forest,0.3,5,0.3,0.68,0.9846419883349452,0.0038382064372477,0.0685328354745405,0.0183581186027748,26.79676223021483,8.124238869166524,0.1738658053600952,0.012500146384729,1.0,0.0,0.0384946803833641,0.0108236489793117,0.9806229666754592,0.983956886192444,0.980659603153668,0.9876718250827984,0.9902986605703568,0.0524924570835206,0.0611096930347435,0.0515138050469541,0.0772928233782866,0.1002553988291975,/Users/johnnyjheng/Documents/Codex/Stablecoin Depag/onchain-insights/8. Early-Warning Model/Robustness Check/threshold_25/lightning_logs/cv_model_comparison_threshold_25_20260720_124420/alpha_0.3_experiment_summary/artifacts/comparison/model_comparison_summary.csv
25,xgboost,0.3,5,0.3,0.68,0.9611715613001554,0.029687192763837,0.1503299672129205,0.206736892711933,18.891787069062172,7.9528003264091005,0.4028151869773865,0.0403951889766522,1.0,0.0,0.0602831267035962,0.0236237349627398,0.9218232509745304,0.9311215891438788,0.9704764940355814,0.9855982004161904,0.996838271930596,0.0145427563432248,0.0191262557132198,0.0391721186604714,0.1223861279504364,0.5564225773972503,/Users/johnnyjheng/Documents/Codex/Stablecoin Depag/onchain-insights/8. Early-Warning Model/Robustness Check/threshold_25/lightning_logs/cv_model_comparison_threshold_25_20260720_124420/alpha_0.3_experiment_summary/artifacts/comparison/model_comparison_summary.csv
25,catboost,0.5,5,0.3,0.68,0.7241144963216976,0.2643860575725043,0.0477260944506538,0.0537851456431065,6.493783926206879,5.305331635281965,0.4862173784994896,0.0087177016797913,1.0,0.0,0.368996746680735,0.2937051792552685,0.9820737712125208,0.9850211758844046,0.399366921656555,0.414237668161435,0.8398729446935725,0.1034573870914823,0.1228111781217337,0.0024484812153475,0.0025112645570743,0.007402161267631,/Users/johnnyjheng/Documents/Codex/Stablecoin Depag/onchain-insights/8. Early-Warning Model/Robustness Check/threshold_25/lightning_logs/cv_model_comparison_threshold_25_20260720_124420/alpha_0.5_experiment_summary/artifacts/comparison/model_comparison_summary.csv
25,lightgbm,0.5,5,0.3,0.68,0.9192869075881474,0.0233680827993614,0.0183612230324226,0.0050637712590935,9.748218243496677,4.019026436666947,0.0333332817562655,0.012861584824288,1.0,0.0,0.1194759518157038,0.046408602810493,0.882541619039245,0.9452870834432427,0.9107590345555262,0.913995867405258,0.9438509334974649,0.0126521037243541,0.0254138439208138,0.0201796443162701,0.0124461031994512,0.0211144200012238,/Users/johnnyjheng/Documents/Codex/Stablecoin Depag/onchain-insights/8. Early-Warning Model/Robustness Check/threshold_25/lightning_logs/cv_model_comparison_threshold_25_20260720_124420/alpha_0.5_experiment_summary/artifacts/comparison/model_comparison_summary.csv
25,random_forest,0.5,5,0.3,0.68,0.9899059175239602,0.0034232584155736,0.1034198438067828,0.0248944554208632,40.96306711478251,9.158624559872823,0.1929087637208344,0.012678061374506,1.0,0.0,0.0236525103314868,0.0060185105778715,0.9921671209589964,0.9906027433394884,0.983161874615317,0.9913831003253318,0.9922147483806676,0.1281803707414424,0.1030039773387845,0.0562918550515183,0.1132581943259479,0.1163648215762208,/Users/johnnyjheng/Documents/Codex/Stablecoin Depag/onchain-insights/8. Early-Warning Model/Robustness Check/threshold_25/lightning_logs/cv_model_comparison_threshold_25_20260720_124420/alpha_0.5_experiment_summary/artifacts/comparison/model_comparison_summary.csv
25,xgboost,0.5,5,0.3,0.68,0.9874435798235586,0.0056090439283385,0.1026281979258833,0.0353385038288863,37.68762450903088,9.55549450597447,0.2848601836711168,0.1543479491590897,1.0,0.0,0.0263430932911281,0.0076835999591,0.976644245142003,0.9920407251091766,0.9878586711216624,0.989190407104546,0.9914838506404056,0.0410692236529067,0.1417610251863806,0.093106459011933,0.1059102820447318,0.1312939997334644,/Users/johnnyjheng/Documents/Codex/Stablecoin Depag/onchain-insights/8. Early-Warning Model/Robustness Check/threshold_25/lightning_logs/cv_model_comparison_threshold_25_20260720_124420/alpha_0.5_experiment_summary/artifacts/comparison/model_comparison_summary.csv
25,catboost,1.0,5,0.3,0.68,0.9699727424602128,0.0273064486444695,0.0866238286573625,0.0564375496509361,23.46073944422155,13.385260214162567,0.4496170303575238,0.0466903081569462,1.0,0.0,0.0607579354611799,0.0412234877056476,0.9876498431958732,0.9717093115273014,0.917164922770304,0.9924345672499194,0.9809050675576658,0.171819248826291,0.0498156855915476,0.0177357358859573,0.1312047986197437,0.0625436743632728,/Users/johnnyjheng/Documents/Codex/Stablecoin Depag/onchain-insights/8. Early-Warning Model/Robustness Check/threshold_25/lightning_logs/cv_model_comparison_threshold_25_20260720_124420/alpha_1.0_experiment_summary/artifacts/comparison/model_comparison_summary.csv
25,lightgbm,1.0,5,0.3,0.68,0.9485158562677686,0.032438052084712,0.043466476347989,0.0309515198779377,24.54225206390827,16.450845429096304,0.0263124145127441,0.0154724817445663,0.975,0.0204124145231931,0.0666666666666666,0.0462240194515965,0.9673971980421464,0.905243412761218,0.9132539787215336,0.9805203845364752,0.9761643072774702,0.0344491732195106,0.0120532072130719,0.0118091803073632,0.0873002407101362,0.071720580289863,/Users/johnnyjheng/Documents/Codex/Stablecoin Depag/onchain-insights/8. Early-Warning Model/Robustness Check/threshold_25/lightning_logs/cv_model_comparison_threshold_25_20260720_124420/alpha_1.0_experiment_summary/artifacts/comparison/model_comparison_summary.csv
25,random_forest,1.0,5,0.3,0.68,0.9825053489258184,0.0041643216168353,0.0623437014258723,0.0185342843120379,22.401518728642305,3.9348904398442617,0.1624438956340279,0.0085849816026521,1.0,0.0,0.043928602831267,0.0074705513055914,0.9766259269028988,0.981993170960462,0.9798279550983324,0.9883789091122248,0.9857007825551746,0.0425981638890215,0.0565885471475093,0.0485446444260267,0.094876535874906,0.0691106157918977,/Users/johnnyjheng/Documents/Codex/Stablecoin Depag/onchain-insights/8. Early-Warning Model/Robustness Check/threshold_25/lightning_logs/cv_model_comparison_threshold_25_20260720_124420/alpha_1.0_experiment_summary/artifacts/comparison/model_comparison_summary.csv
25,xgboost,1.0,5,0.3,0.68,0.9859055804683606,0.0027061743378792,0.0935264993894813,0.0164846279824369,21.600292362681195,3.7404568614100575,0.4647625148296356,0.0087574610734229,1.0,0.0,0.0456695682757407,0.0080626444883275,0.9830849380110788,0.9821855124710572,0.98840089099915,0.9883825727600456,0.987473988100472,0.0742485338759439,0.0724864294851848,0.1060330617296986,0.1082187420422714,0.1066457298143077,/Users/johnnyjheng/Documents/Codex/Stablecoin Depag/onchain-insights/8. Early-Warning Model/Robustness Check/threshold_25/lightning_logs/cv_model_comparison_threshold_25_20260720_124420/alpha_1.0_experiment_summary/artifacts/comparison/model_comparison_summary.csv
25,catboost,1.5,5,0.3,0.68,0.967334916029192,0.0299171809389855,0.0801833375918639,0.0565137589023497,35.74544299233619,34.54196064301276,0.4623827621601686,0.0555269897960995,1.0,0.0,0.0525103314868548,0.0376697623226957,0.9757319968346084,0.9779521674140508,0.9090059790732437,0.9793480172337994,0.9946364195902576,0.0611419266195104,0.0698880434255803,0.0248730616165774,0.0559535638477283,0.1890600924499229,/Users/johnnyjheng/Documents/Codex/Stablecoin Depag/onchain-insights/8. Early-Warning Model/Robustness Check/threshold_25/lightning_logs/cv_model_comparison_threshold_25_20260720_124420/alpha_1.5_experiment_summary/artifacts/comparison/model_comparison_summary.csv
25,lightgbm,1.5,5,0.3,0.68,0.9495394794689176,0.0317522034189584,0.0463847788245627,0.0459883134188645,24.505700347750892,25.44228739592646,0.0140116459499186,0.0035289096338758,1.0,0.0,0.0744570473929482,0.0397378588239997,0.8993211260587943,0.9365492833904864,0.9711176324042322,0.947791186728802,0.9929181687622732,0.0115815940233981,0.0184349924869957,0.0428577004452131,0.0230747820469148,0.1359748251202918,/Users/johnnyjheng/Documents/Codex/Stablecoin Depag/onchain-insights/8. Early-Warning Model/Robustness Check/threshold_25/lightning_logs/cv_model_comparison_threshold_25_20260720_124420/alpha_1.5_experiment_summary/artifacts/comparison/model_comparison_summary.csv
25,random_forest,1.5,5,0.3,0.68,0.9783668923473724,0.0098451193360731,0.0549239680154212,0.0239798137911691,25.688762752179617,9.35245016134528,0.1527855856126771,0.0099211334441424,1.0,0.0,0.042539347577596,0.015843499860633,0.968269146223512,0.9809380403880535,0.9654847738796564,0.9876095430698436,0.9895329581757965,0.030452607234982,0.0520602143030187,0.028212462451919,0.0750885002990674,0.088806055788119,/Users/johnnyjheng/Documents/Codex/Stablecoin Depag/onchain-insights/8. Early-Warning Model/Robustness Check/threshold_25/lightning_logs/cv_model_comparison_threshold_25_20260720_124420/alpha_1.5_experiment_summary/artifacts/comparison/model_comparison_summary.csv
25,xgboost,1.5,5,0.3,0.68,0.9856370350830914,0.0067039398975036,0.1176548439606211,0.0505111499476453,46.26507404920133,31.62356026046056,0.4390470862388611,0.0398701932399689,1.0,0.0,0.0267651455200914,0.0110637315452137,0.9939897857498756,0.9876150385415752,0.9807218851666226,0.9904195609484452,0.9754389050089391,0.2066860465116279,0.1181125248547982,0.0750999764761232,0.1251539398033792,0.0632217321571772,/Users/johnnyjheng/Documents/Codex/Stablecoin Depag/onchain-insights/8. Early-Warning Model/Robustness Check/threshold_25/lightning_logs/cv_model_comparison_threshold_25_20260720_124420/alpha_1.5_experiment_summary/artifacts/comparison/model_comparison_summary.csv
25,catboost,2.0,5,0.3,0.68,0.946099314165128,0.0624889841091882,0.0740060482825364,0.0468576220312277,20.867590953513407,10.632810838920747,0.4677626603616787,0.048212890549051,1.0,0.0,0.0823001846478501,0.0797523312413374,0.9866350127494944,0.9835135848061196,0.9688956300008792,0.8219467159060934,0.9695056273630528,0.1514498757249378,0.1052429052429052,0.0322732172284075,0.0371960049564814,0.0438682382599499,/Users/johnnyjheng/Documents/Codex/Stablecoin Depag/onchain-insights/8. Early-Warning Model/Robustness Check/threshold_25/lightning_logs/cv_model_comparison_threshold_25_20260720_124420/alpha_2.0_experiment_summary/artifacts/comparison/model_comparison_summary.csv
25,lightgbm,2.0,5,0.3,0.68,0.9925078402063364,0.002678200731109,0.1493291543978661,0.0375018943957525,67.45387245923322,31.719811646409426,0.016797100276736,0.0043344353181002,1.0,0.0,0.0169876022157742,0.0102599656005655,0.994574137577303,0.9872743192942348,0.993788285119728,0.994077713297576,0.9928247457428412,0.2031840830392813,0.0941576431738187,0.1507589658835788,0.1725712593892143,0.1259738205034377,/Users/johnnyjheng/Documents/Codex/Stablecoin Depag/onchain-insights/8. Early-Warning Model/Robustness Check/threshold_25/lightning_logs/cv_model_comparison_threshold_25_20260720_124420/alpha_2.0_experiment_summary/artifacts/comparison/model_comparison_summary.csv
25,random_forest,2.0,5,0.3,0.68,0.9771820686421056,0.0076547550927531,0.048781841860621,0.0180921742552287,21.412710436279628,5.61554414737458,0.1492752150319829,0.0086073929398042,1.0,0.0,0.0483249802163017,0.0141413741296097,0.968159236788886,0.9733652803423312,0.9717312934142268,0.9862356751370204,0.9864188575280636,0.0310895035469759,0.0360603391169592,0.035066869393284,0.0708763984167109,0.0708160988291751,/Users/johnnyjheng/Documents/Codex/Stablecoin Depag/onchain-insights/8. Early-Warning Model/Robustness Check/threshold_25/lightning_logs/cv_model_comparison_threshold_25_20260720_124420/alpha_2.0_experiment_summary/artifacts/comparison/model_comparison_summary.csv
25,xgboost,2.0,5,0.3,0.68,0.9776121808962748,0.0079396232677626,0.0687570910547427,0.0143245591581458,34.35879542083895,15.9458752170991,0.3884344339370728,0.1062773775698726,1.0,0.0,0.0359096104809636,0.02084855421625,0.9875692429438144,0.9713173012104692,0.9657687065857732,0.9805441982473108,0.9828614554940064,0.0764962080106686,0.0513221857968096,0.0516373200778916,0.0843410433374471,0.0799886980508965,/Users/johnnyjheng/Documents/Codex/Stablecoin Depag/onchain-insights/8. Early-Warning Model/Robustness Check/threshold_25/lightning_logs/cv_model_comparison_threshold_25_20260720_124420/alpha_2.0_experiment_summary/artifacts/comparison/model_comparison_summary.csv
